Train No.,train Name,islno,station Code,Station Name,Arrival time,Departure time,Distance,Source Station Code,source Station Name,Destination station Code,Destination Station Name
'13346',BSB INTERCITY E,1,SGRL,SINGRAULI      ,'00:00:00','05:45:00',0,SGRL,SINGRAULI      ,BSB ,VARANASI JN    
'13346',BSB INTERCITY E,2,OBR ,OBRA DAM       ,'07:09:00','07:10:00',51,SGRL,SINGRAULI      ,BSB ,VARANASI JN    
'13346',BSB INTERCITY E,3,CPU ,CHOPAN         ,'07:40:00','07:50:00',64,SGRL,SINGRAULI      ,BSB ,VARANASI JN    
'13346',BSB INTERCITY E,4,CUK ,CHURK          ,'08:19:00','08:20:00',86,SGRL,SINGRAULI      ,BSB ,VARANASI JN    
'13346',BSB INTERCITY E,5,RBGJ,ROBERTS GANJ   ,'08:37:00','08:38:00',91,SGRL,SINGRAULI      ,BSB ,VARANASI JN    
'13346',BSB INTERCITY E,6,LUSA,LUSA           ,'09:27:00','09:28:00',125,SGRL,SINGRAULI      ,BSB ,VARANASI JN    
'13346',BSB INTERCITY E,7,CAR ,CHUNAR         ,'10:40:00','11:10:00',167,SGRL,SINGRAULI      ,BSB ,VARANASI JN    
'13346',BSB INTERCITY E,8,BSB ,VARANASI JN    ,'13:00:00','00:00:00',211,SGRL,SINGRAULI      ,BSB ,VARANASI JN    
'14203',BSB LKO INTRCIT,1,BSB ,VARANASI JN    ,'00:00:00','16:20:00',0,BSB ,VARANASI JN    ,LKO ,LUCKNOW NR     
'14203',BSB LKO INTRCIT,2,BOY ,BHADOHI        ,'16:57:00','16:59:00',45,BSB ,VARANASI JN    ,LKO ,LUCKNOW NR     
'14203',BSB LKO INTRCIT,3,SAW ,SURIAWAN       ,'17:17:00','17:19:00',60,BSB ,VARANASI JN    ,LKO ,LUCKNOW NR     
'14203',BSB LKO INTRCIT,4,JNH ,JANGHAI JN     ,'17:35:00','17:37:00',76,BSB ,VARANASI JN    ,LKO ,LUCKNOW NR     
'14203',BSB LKO INTRCIT,5,BSE ,BADSHAHPUR     ,'17:51:00','17:53:00',92,BSB ,VARANASI JN    ,LKO ,LUCKNOW NR     
'14203',BSB LKO INTRCIT,6,DND ,DANDUPUR       ,'18:11:00','18:13:00',115,BSB ,VARANASI JN    ,LKO ,LUCKNOW NR     
'14203',BSB LKO INTRCIT,7,PBH ,PARTAPGARH JN  ,'18:30:00','18:32:00',129,BSB ,VARANASI JN    ,LKO ,LUCKNOW NR     
'14203',BSB LKO INTRCIT,8,ANTU,ANTU           ,'18:33:00','18:34:00',149,BSB ,VARANASI JN    ,LKO ,LUCKNOW NR     
'14203',BSB LKO INTRCIT,9,AME ,AMETHI         ,'19:00:00','19:02:00',164,BSB ,VARANASI JN    ,LKO ,LUCKNOW NR     
'14203',BSB LKO INTRCIT,10,GNG ,GAURIGANJ      ,'19:15:00','19:17:00',177,BSB ,VARANASI JN    ,LKO ,LUCKNOW NR     
'14203',BSB LKO INTRCIT,11,KCJ ,KASIMPUR       ,'19:31:00','19:33:00',193,BSB ,VARANASI JN    ,LKO ,LUCKNOW NR     
'14203',BSB LKO INTRCIT,12,JAIS,JAIS           ,'19:34:00','19:35:00',195,BSB ,VARANASI JN    ,LKO ,LUCKNOW NR     
'14203',BSB LKO INTRCIT,13,RBL ,RAE BARELI JN  ,'20:03:00','20:08:00',224,BSB ,VARANASI JN    ,LKO ,LUCKNOW NR     
'14203',BSB LKO INTRCIT,14,HCP ,HARCHANDPUR    ,'20:22:00','20:24:00',239,BSB ,VARANASI JN    ,LKO ,LUCKNOW NR     
'14203',BSB LKO INTRCIT,15,BCN ,BACHHRAWAN     ,'20:37:00','20:39:00',254,BSB ,VARANASI JN    ,LKO ,LUCKNOW NR     
'14203',BSB LKO INTRCIT,16,LKO ,LUCKNOW NR     ,'22:05:00','00:00:00',302,BSB ,VARANASI JN    ,LKO ,LUCKNOW NR     
'14204',LKO BSB INTRCIT,1,LKO ,LUCKNOW NR     ,'00:00:00','07:00:00',0,LKO ,LUCKNOW NR     ,BSB ,VARANASI JN    
'14204',LKO BSB INTRCIT,2,BCN ,BACHHRAWAN     ,'07:57:00','07:59:00',48,LKO ,LUCKNOW NR     ,BSB ,VARANASI JN    
'14204',LKO BSB INTRCIT,3,HCP ,HARCHANDPUR    ,'08:11:00','08:13:00',63,LKO ,LUCKNOW NR     ,BSB ,VARANASI JN    
'14204',LKO BSB INTRCIT,4,RBL ,RAE BARELI JN  ,'08:30:00','08:35:00',78,LKO ,LUCKNOW NR     ,BSB ,VARANASI JN    
'14204',LKO BSB INTRCIT,5,JAIS,JAIS           ,'08:36:00','08:37:00',107,LKO ,LUCKNOW NR     ,BSB ,VARANASI JN    
'14204',LKO BSB INTRCIT,6,KCJ ,KASIMPUR       ,'09:18:00','09:20:00',110,LKO ,LUCKNOW NR     ,BSB ,VARANASI JN    
'14204',LKO BSB INTRCIT,7,GNG ,GAURIGANJ      ,'09:32:00','09:34:00',125,LKO ,LUCKNOW NR     ,BSB ,VARANASI JN    
'14204',LKO BSB INTRCIT,8,AME ,AMETHI         ,'09:45:00','09:47:00',138,LKO ,LUCKNOW NR     ,BSB ,VARANASI JN    
'14204',LKO BSB INTRCIT,9,ANTU,ANTU           ,'09:50:00','09:51:00',153,LKO ,LUCKNOW NR     ,BSB ,VARANASI JN    
'14204',LKO BSB INTRCIT,10,PBH ,PARTAPGARH JN  ,'10:24:00','10:26:00',173,LKO ,LUCKNOW NR     ,BSB ,VARANASI JN    
'14204',LKO BSB INTRCIT,11,DND ,DANDUPUR       ,'10:39:00','10:41:00',187,LKO ,LUCKNOW NR     ,BSB ,VARANASI JN    
'14204',LKO BSB INTRCIT,12,BSE ,BADSHAHPUR     ,'11:12:00','11:14:00',210,LKO ,LUCKNOW NR     ,BSB ,VARANASI JN    
'14204',LKO BSB INTRCIT,13,JNH ,JANGHAI JN     ,'11:28:00','11:30:00',226,LKO ,LUCKNOW NR     ,BSB ,VARANASI JN    
'14204',LKO BSB INTRCIT,14,SAW ,SURIAWAN       ,'11:45:00','11:47:00',242,LKO ,LUCKNOW NR     ,BSB ,VARANASI JN    
'14204',LKO BSB INTRCIT,15,BOY ,BHADOHI        ,'12:03:00','12:05:00',257,LKO ,LUCKNOW NR     ,BSB ,VARANASI JN    
'14204',LKO BSB INTRCIT,16,BSB ,VARANASI JN    ,'13:30:00','00:00:00',302,LKO ,LUCKNOW NR     ,BSB ,VARANASI JN    
'14266',DDN BSB EXPRESS,1,DDN ,DEHRADUN       ,'00:00:00','18:15:00',0,DDN ,DEHRADUN       ,BSB ,VARANASI JN    
'14266',DDN BSB EXPRESS,2,HRW ,HARRAWALA      ,'18:28:00','18:30:00',9,DDN ,DEHRADUN       ,BSB ,VARANASI JN    
'14266',DDN BSB EXPRESS,3,DWO ,DOIWALA        ,'18:50:00','18:52:00',20,DDN ,DEHRADUN       ,BSB ,VARANASI JN    
'14266',DDN BSB EXPRESS,4,RWL ,RAIWALA        ,'19:23:00','19:25:00',41,DDN ,DEHRADUN       ,BSB ,VARANASI JN    
'14266',DDN BSB EXPRESS,5,HW  ,HARIDWAR JN    ,'20:05:00','20:30:00',52,DDN ,DEHRADUN       ,BSB ,VARANASI JN    
'14266',DDN BSB EXPRESS,6,JWP ,JWALAPUR       ,'20:36:00','20:38:00',56,DDN ,DEHRADUN       ,BSB ,VARANASI JN    
'14266',DDN BSB EXPRESS,7,ATMO,AITHAL         ,'20:54:00','20:56:00',72,DDN ,DEHRADUN       ,BSB ,VARANASI JN    
'14266',DDN BSB EXPRESS,8,LRJ ,LAKSAR JN      ,'21:10:00','21:15:00',79,DDN ,DEHRADUN       ,BSB ,VARANASI JN    
'14266',DDN BSB EXPRESS,9,RSI ,RAISI          ,'21:23:00','21:25:00',87,DDN ,DEHRADUN       ,BSB ,VARANASI JN    
'14266',DDN BSB EXPRESS,10,BLW ,BALAWALI       ,'21:35:00','21:37:00',96,DDN ,DEHRADUN       ,BSB ,VARANASI JN    
'14266',DDN BSB EXPRESS,11,CNK ,CHANDOK        ,'21:47:00','21:49:00',103,DDN ,DEHRADUN       ,BSB ,VARANASI JN    
'14266',DDN BSB EXPRESS,12,NBD ,NAJIBABAD JN   ,'22:08:00','22:13:00',121,DDN ,DEHRADUN       ,BSB ,VARANASI JN    
'14266',DDN BSB EXPRESS,13,NGG ,NAGINA         ,'22:29:00','22:31:00',143,DDN ,DEHRADUN       ,BSB ,VARANASI JN    
'14266',DDN BSB EXPRESS,14,DPR ,DHAMPUR        ,'22:47:00','22:49:00',159,DDN ,DEHRADUN       ,BSB ,VARANASI JN    
'14266',DDN BSB EXPRESS,15,SEO ,SEOHARA        ,'23:03:00','23:05:00',173,DDN ,DEHRADUN       ,BSB ,VARANASI JN    
'14266',DDN BSB EXPRESS,16,KNT ,KANTH          ,'23:20:00','23:22:00',190,DDN ,DEHRADUN       ,BSB ,VARANASI JN    
'14266',DDN BSB EXPRESS,17,MB  ,MORADABAD      ,'00:05:00','00:35:00',219,DDN ,DEHRADUN       ,BSB ,VARANASI JN    
'14266',DDN BSB EXPRESS,18,RMU ,RAMPUR         ,'01:03:00','01:05:00',246,DDN ,DEHRADUN       ,BSB ,VARANASI JN    
'14266',DDN BSB EXPRESS,19,BE  ,BAREILLY       ,'02:02:00','02:07:00',310,DDN ,DEHRADUN       ,BSB ,VARANASI JN    
'14266',DDN BSB EXPRESS,20,SPN ,SHAHJEHANPUR   ,'03:12:00','03:17:00',380,DDN ,DEHRADUN       ,BSB ,VARANASI JN    
'14266',DDN BSB EXPRESS,21,ROZA,ROZA JN        ,'03:25:00','03:27:00',388,DDN ,DEHRADUN       ,BSB ,VARANASI JN    
'14266',DDN BSB EXPRESS,22,HRI ,HARDOI         ,'04:08:00','04:10:00',443,DDN ,DEHRADUN       ,BSB ,VARANASI JN    
'14266',DDN BSB EXPRESS,23,BGH ,BAGHAULI       ,'04:35:00','04:37:00',467,DDN ,DEHRADUN       ,BSB ,VARANASI JN    
'14266',DDN BSB EXPRESS,24,BLM ,BALAMU JN      ,'04:47:00','04:49:00',476,DDN ,DEHRADUN       ,BSB ,VARANASI JN    
'14266',DDN BSB EXPRESS,25,SAN ,SANDILA        ,'05:09:00','05:11:00',496,DDN ,DEHRADUN       ,BSB ,VARANASI JN    
'14266',DDN BSB EXPRESS,26,RBD ,RAHIMABAD      ,'05:20:00','05:22:00',507,DDN ,DEHRADUN       ,BSB ,VARANASI JN    
'14266',DDN BSB EXPRESS,27,DIL ,DILAWARNAGAR   ,'05:31:00','05:33:00',515,DDN ,DEHRADUN       ,BSB ,VARANASI JN    
'14266',DDN BSB EXPRESS,28,MLD ,MALIHABAD      ,'05:41:00','05:43:00',521,DDN ,DEHRADUN       ,BSB ,VARANASI JN    
'14266',DDN BSB EXPRESS,29,KKJ ,KAKORI         ,'05:53:00','05:55:00',530,DDN ,DEHRADUN       ,BSB ,VARANASI JN    
'14266',DDN BSB EXPRESS,30,AMG ,ALAMNAGAR      ,'07:21:00','07:23:00',539,DDN ,DEHRADUN       ,BSB ,VARANASI JN    
'14266',DDN BSB EXPRESS,31,LKO ,LUCKNOW NR     ,'07:45:00','07:55:00',545,DDN ,DEHRADUN       ,BSB ,VARANASI JN    
'14266',DDN BSB EXPRESS,32,BCN ,BACHHRAWAN     ,'08:52:00','08:54:00',592,DDN ,DEHRADUN       ,BSB ,VARANASI JN    
'14266',DDN BSB EXPRESS,33,HCP ,HARCHANDPUR    ,'09:13:00','09:15:00',608,DDN ,DEHRADUN       ,BSB ,VARANASI JN    
'14266',DDN BSB EXPRESS,34,RBL ,RAE BARELI JN  ,'09:33:00','09:38:00',622,DDN ,DEHRADUN       ,BSB ,VARANASI JN    
'14266',DDN BSB EXPRESS,35,FTG ,FURSATGANJ     ,'09:56:00','09:58:00',641,DDN ,DEHRADUN       ,BSB ,VARANASI JN    
'14266',DDN BSB EXPRESS,36,JAIS,JAIS           ,'10:08:00','10:10:00',651,DDN ,DEHRADUN       ,BSB ,VARANASI JN    
'14266',DDN BSB EXPRESS,37,GNG ,GAURIGANJ      ,'10:24:00','10:26:00',669,DDN ,DEHRADUN       ,BSB ,VARANASI JN    
'14266',DDN BSB EXPRESS,38,AME ,AMETHI         ,'10:44:00','10:46:00',683,DDN ,DEHRADUN       ,BSB ,VARANASI JN    
'14266',DDN BSB EXPRESS,39,ANTU,ANTU           ,'11:05:00','11:07:00',697,DDN ,DEHRADUN       ,BSB ,VARANASI JN    
'14266',DDN BSB EXPRESS,40,CIL ,CHILBILA JN    ,'11:28:00','11:30:00',714,DDN ,DEHRADUN       ,BSB ,VARANASI JN    
'14266',DDN BSB EXPRESS,41,PBH ,PARTAPGARH JN  ,'11:52:00','11:57:00',718,DDN ,DEHRADUN       ,BSB ,VARANASI JN    
'14266',DDN BSB EXPRESS,42,DND ,DANDUPUR       ,'12:10:00','12:12:00',732,DDN ,DEHRADUN       ,BSB ,VARANASI JN    
'14266',DDN BSB EXPRESS,43,BSE ,BADSHAHPUR     ,'12:29:00','12:31:00',754,DDN ,DEHRADUN       ,BSB ,VARANASI JN    
'14266',DDN BSB EXPRESS,44,JNH ,JANGHAI JN     ,'12:48:00','12:50:00',771,DDN ,DEHRADUN       ,BSB ,VARANASI JN    
'14266',DDN BSB EXPRESS,45,SQN ,SARAI KANSRAI  ,'13:05:00','13:07:00',776,DDN ,DEHRADUN       ,BSB ,VARANASI JN    
'14266',DDN BSB EXPRESS,46,SAW ,SURIAWAN       ,'13:15:00','13:17:00',786,DDN ,DEHRADUN       ,BSB ,VARANASI JN    
'14266',DDN BSB EXPRESS,47,BOY ,BHADOHI        ,'13:42:00','13:44:00',801,DDN ,DEHRADUN       ,BSB ,VARANASI JN    
'14266',DDN BSB EXPRESS,48,PRF ,PARSIPUR       ,'13:53:00','13:55:00',810,DDN ,DEHRADUN       ,BSB ,VARANASI JN    
'14266',DDN BSB EXPRESS,49,SWPR,SEWAPURI       ,'14:31:00','14:33:00',823,DDN ,DEHRADUN       ,BSB ,VARANASI JN    
'14266',DDN BSB EXPRESS,50,BSB ,VARANASI JN    ,'15:45:00','00:00:00',846,DDN ,DEHRADUN       ,BSB ,VARANASI JN    
'14307',PRG BE EXPRESS ,1,PRG ,PRAYAG         ,'00:00:00','22:15:00',0,PRG ,PRAYAG         ,BE  ,BAREILLY       
'14307',PRG BE EXPRESS ,2,PFM ,PHAPHAMAU JN   ,'22:27:00','22:29:00',7,PRG ,PRAYAG         ,BE  ,BAREILLY       
'14307',PRG BE EXPRESS ,3,SWE ,SIWAITH        ,'22:39:00','22:41:00',13,PRG ,PRAYAG         ,BE  ,BAREILLY       
'14307',PRG BE EXPRESS ,4,MEM ,MAU AIMMA      ,'23:01:00','23:03:00',27,PRG ,PRAYAG         ,BE  ,BAREILLY       
'14307',PRG BE EXPRESS ,5,BTJ ,BISHNATHGANJ   ,'23:26:00','23:28:00',38,PRG ,PRAYAG         ,BE  ,BAREILLY       
'14307',PRG BE EXPRESS ,6,VPO ,BHUPIA MAU     ,'23:41:00','23:43:00',48,PRG ,PRAYAG         ,BE  ,BAREILLY       
'14307',PRG BE EXPRESS ,7,PBH ,PARTAPGARH JN  ,'00:10:00','00:15:00',53,PRG ,PRAYAG         ,BE  ,BAREILLY       
'14307',PRG BE EXPRESS ,8,CIL ,CHILBILA JN    ,'00:22:00','00:24:00',57,PRG ,PRAYAG         ,BE  ,BAREILLY       
'14307',PRG BE EXPRESS ,9,JGJ ,JAGESHARGANJ   ,'00:32:00','00:34:00',66,PRG ,PRAYAG         ,BE  ,BAREILLY       
'14307',PRG BE EXPRESS ,10,ANTU,ANTU           ,'00:42:00','00:44:00',74,PRG ,PRAYAG         ,BE  ,BAREILLY       
'14307',PRG BE EXPRESS ,11,MFL ,MISRAULI       ,'00:57:00','00:59:00',82,PRG ,PRAYAG         ,BE  ,BAREILLY       
'14307',PRG BE EXPRESS ,12,AME ,AMETHI         ,'01:07:00','01:09:00',88,PRG ,PRAYAG         ,BE  ,BAREILLY       
'14307',PRG BE EXPRESS ,13,TLKH,TALAKHAJURI    ,'01:17:00','01:19:00',96,PRG ,PRAYAG         ,BE  ,BAREILLY       
'14307',PRG BE EXPRESS ,14,GNG ,GAURIGANJ      ,'01:28:00','01:30:00',101,PRG ,PRAYAG         ,BE  ,BAREILLY       
'14307',PRG BE EXPRESS ,15,BANI,BANI           ,'01:38:00','01:40:00',110,PRG ,PRAYAG         ,BE  ,BAREILLY       
'14307',PRG BE EXPRESS ,16,KCJ ,KASIMPUR       ,'01:46:00','01:48:00',117,PRG ,PRAYAG         ,BE  ,BAREILLY       
'14307',PRG BE EXPRESS ,17,JAIS,JAIS           ,'01:52:00','01:54:00',119,PRG ,PRAYAG         ,BE  ,BAREILLY       
'14307',PRG BE EXPRESS ,18,FTG ,FURSATGANJ     ,'02:03:00','02:05:00',130,PRG ,PRAYAG         ,BE  ,BAREILLY       
'14307',PRG BE EXPRESS ,19,RUM ,RUPAMAU        ,'02:14:00','02:16:00',139,PRG ,PRAYAG         ,BE  ,BAREILLY       
'14307',PRG BE EXPRESS ,20,RBL ,RAE BARELI JN  ,'03:12:00','03:17:00',148,PRG ,PRAYAG         ,BE  ,BAREILLY       
'14307',PRG BE EXPRESS ,21,GANG,GANGAGANJ      ,'03:27:00','03:29:00',156,PRG ,PRAYAG         ,BE  ,BAREILLY       
'14307',PRG BE EXPRESS ,22,HCP ,HARCHANDPUR    ,'03:36:00','03:38:00',163,PRG ,PRAYAG         ,BE  ,BAREILLY       
'14307',PRG BE EXPRESS ,23,KVG ,KUNEANGANJ     ,'03:45:00','03:47:00',169,PRG ,PRAYAG         ,BE  ,BAREILLY       
'14307',PRG BE EXPRESS ,24,BCN ,BACHHRAWAN     ,'03:55:00','03:57:00',179,PRG ,PRAYAG         ,BE  ,BAREILLY       
'14307',PRG BE EXPRESS ,25,SAGR,SHRIRAJNAGAR   ,'04:04:00','04:06:00',185,PRG ,PRAYAG         ,BE  ,BAREILLY       
'14307',PRG BE EXPRESS ,26,NHN ,NIGOHAN        ,'04:13:00','04:15:00',190,PRG ,PRAYAG         ,BE  ,BAREILLY       
'14307',PRG BE EXPRESS ,27,KKAH,KANKAHA        ,'04:22:00','04:24:00',197,PRG ,PRAYAG         ,BE  ,BAREILLY       
'14307',PRG BE EXPRESS ,28,MLJ ,MOHANLALGANJ   ,'04:31:00','04:33:00',205,PRG ,PRAYAG         ,BE  ,BAREILLY       
'14307',PRG BE EXPRESS ,29,UTR ,UTRAHTIA       ,'05:43:00','05:45:00',214,PRG ,PRAYAG         ,BE  ,BAREILLY       
'14307',PRG BE EXPRESS ,30,LKO ,LUCKNOW NR     ,'06:30:00','06:40:00',226,PRG ,PRAYAG         ,BE  ,BAREILLY       
'14307',PRG BE EXPRESS ,31,AMG ,ALAMNAGAR      ,'07:02:00','07:04:00',232,PRG ,PRAYAG         ,BE  ,BAREILLY       
'14307',PRG BE EXPRESS ,32,SAN ,SANDILA        ,'07:34:00','07:36:00',275,PRG ,PRAYAG         ,BE  ,BAREILLY       
'14307',PRG BE EXPRESS ,33,HRI ,HARDOI         ,'08:20:00','08:22:00',328,PRG ,PRAYAG         ,BE  ,BAREILLY       
'14307',PRG BE EXPRESS ,34,AJI ,ANJHI SHAHABAD ,'08:46:00','08:48:00',360,PRG ,PRAYAG         ,BE  ,BAREILLY       
'14307',PRG BE EXPRESS ,35,ROZA,ROZA JN        ,'09:16:00','09:18:00',383,PRG ,PRAYAG         ,BE  ,BAREILLY       
'14307',PRG BE EXPRESS ,36,SPN ,SHAHJEHANPUR   ,'09:30:00','09:35:00',390,PRG ,PRAYAG         ,BE  ,BAREILLY       
'14307',PRG BE EXPRESS ,37,TLH ,TILHAR         ,'09:50:00','09:52:00',409,PRG ,PRAYAG         ,BE  ,BAREILLY       
'14307',PRG BE EXPRESS ,38,BLPU,BILPUR         ,'10:07:00','10:09:00',425,PRG ,PRAYAG         ,BE  ,BAREILLY       
'14307',PRG BE EXPRESS ,39,PMR ,PITAMBARPUR    ,'10:24:00','10:26:00',441,PRG ,PRAYAG         ,BE  ,BAREILLY       
'14307',PRG BE EXPRESS ,40,BE  ,BAREILLY       ,'11:15:00','00:00:00',461,PRG ,PRAYAG         ,BE  ,BAREILLY       
'14308',BE LKO ALD PASS,1,BE  ,BAREILLY       ,'00:00:00','17:15:00',0,BE  ,BAREILLY       ,PRG ,PRAYAG         
'14308',BE LKO ALD PASS,2,PMR ,PITAMBARPUR    ,'17:33:00','17:35:00',20,BE  ,BAREILLY       ,PRG ,PRAYAG         
'14308',BE LKO ALD PASS,3,BLPU,BILPUR         ,'17:51:00','17:53:00',36,BE  ,BAREILLY       ,PRG ,PRAYAG         
'14308',BE LKO ALD PASS,4,TLH ,TILHAR         ,'18:07:00','18:09:00',53,BE  ,BAREILLY       ,PRG ,PRAYAG         
'14308',BE LKO ALD PASS,5,SPN ,SHAHJEHANPUR   ,'18:50:00','18:55:00',71,BE  ,BAREILLY       ,PRG ,PRAYAG         
'14308',BE LKO ALD PASS,6,ROZA,ROZA JN        ,'19:05:00','19:07:00',79,BE  ,BAREILLY       ,PRG ,PRAYAG         
'14308',BE LKO ALD PASS,7,AJI ,ANJHI SHAHABAD ,'19:33:00','19:35:00',102,BE  ,BAREILLY       ,PRG ,PRAYAG         
'14308',BE LKO ALD PASS,8,HRI ,HARDOI         ,'20:02:00','20:04:00',134,BE  ,BAREILLY       ,PRG ,PRAYAG         
'14308',BE LKO ALD PASS,9,SAN ,SANDILA        ,'20:51:00','20:53:00',187,BE  ,BAREILLY       ,PRG ,PRAYAG         
'14308',BE LKO ALD PASS,10,AMG ,ALAMNAGAR      ,'21:57:00','21:59:00',230,BE  ,BAREILLY       ,PRG ,PRAYAG         
'14308',BE LKO ALD PASS,11,LKO ,LUCKNOW NR     ,'22:20:00','22:30:00',236,BE  ,BAREILLY       ,PRG ,PRAYAG         
'14308',BE LKO ALD PASS,12,UTR ,UTRAHTIA       ,'22:52:00','22:54:00',248,BE  ,BAREILLY       ,PRG ,PRAYAG         
'14308',BE LKO ALD PASS,13,MLJ ,MOHANLALGANJ   ,'23:04:00','23:06:00',256,BE  ,BAREILLY       ,PRG ,PRAYAG         
'14308',BE LKO ALD PASS,14,KKAH,KANKAHA        ,'23:13:00','23:15:00',264,BE  ,BAREILLY       ,PRG ,PRAYAG         
'14308',BE LKO ALD PASS,15,NHN ,NIGOHAN        ,'23:22:00','23:24:00',271,BE  ,BAREILLY       ,PRG ,PRAYAG         
'14308',BE LKO ALD PASS,16,SAGR,SHRIRAJNAGAR   ,'23:30:00','23:32:00',277,BE  ,BAREILLY       ,PRG ,PRAYAG         
'14308',BE LKO ALD PASS,17,BCN ,BACHHRAWAN     ,'23:41:00','23:42:00',283,BE  ,BAREILLY       ,PRG ,PRAYAG         
'14308',BE LKO ALD PASS,18,KVG ,KUNEANGANJ     ,'23:49:00','23:51:00',292,BE  ,BAREILLY       ,PRG ,PRAYAG         
'14308',BE LKO ALD PASS,19,HCP ,HARCHANDPUR    ,'23:57:00','23:59:00',299,BE  ,BAREILLY       ,PRG ,PRAYAG         
'14308',BE LKO ALD PASS,20,GANG,GANGAGANJ      ,'00:06:00','00:08:00',306,BE  ,BAREILLY       ,PRG ,PRAYAG         
'14308',BE LKO ALD PASS,21,RBL ,RAE BARELI JN  ,'00:35:00','00:40:00',313,BE  ,BAREILLY       ,PRG ,PRAYAG         
'14308',BE LKO ALD PASS,22,RUM ,RUPAMAU        ,'00:50:00','00:52:00',322,BE  ,BAREILLY       ,PRG ,PRAYAG         
'14308',BE LKO ALD PASS,23,FTG ,FURSATGANJ     ,'01:00:00','01:02:00',332,BE  ,BAREILLY       ,PRG ,PRAYAG         
'14308',BE LKO ALD PASS,24,JAIS,JAIS           ,'01:11:00','01:13:00',342,BE  ,BAREILLY       ,PRG ,PRAYAG         
'14308',BE LKO ALD PASS,25,KCJ ,KASIMPUR       ,'01:16:00','01:18:00',345,BE  ,BAREILLY       ,PRG ,PRAYAG         
'14308',BE LKO ALD PASS,26,BANI,BANI           ,'01:26:00','01:27:00',352,BE  ,BAREILLY       ,PRG ,PRAYAG         
'14308',BE LKO ALD PASS,27,GNG ,GAURIGANJ      ,'01:32:00','01:34:00',360,BE  ,BAREILLY       ,PRG ,PRAYAG         
'14308',BE LKO ALD PASS,28,TLKH,TALAKHAJURI    ,'01:40:00','01:42:00',366,BE  ,BAREILLY       ,PRG ,PRAYAG         
'14308',BE LKO ALD PASS,29,AME ,AMETHI         ,'01:56:00','01:58:00',374,BE  ,BAREILLY       ,PRG ,PRAYAG         
'14308',BE LKO ALD PASS,30,MFL ,MISRAULI       ,'02:08:00','02:10:00',380,BE  ,BAREILLY       ,PRG ,PRAYAG         
'14308',BE LKO ALD PASS,31,ANTU,ANTU           ,'02:18:00','02:20:00',388,BE  ,BAREILLY       ,PRG ,PRAYAG         
'14308',BE LKO ALD PASS,32,JGJ ,JAGESHARGANJ   ,'02:29:00','02:31:00',396,BE  ,BAREILLY       ,PRG ,PRAYAG         
'14308',BE LKO ALD PASS,33,CIL ,CHILBILA JN    ,'02:39:00','02:41:00',405,BE  ,BAREILLY       ,PRG ,PRAYAG         
'14308',BE LKO ALD PASS,34,PBH ,PARTAPGARH JN  ,'03:15:00','03:25:00',409,BE  ,BAREILLY       ,PRG ,PRAYAG         
'14308',BE LKO ALD PASS,35,VPO ,BHUPIA MAU     ,'03:33:00','03:35:00',414,BE  ,BAREILLY       ,PRG ,PRAYAG         
'14308',BE LKO ALD PASS,36,BTJ ,BISHNATHGANJ   ,'03:48:00','03:50:00',423,BE  ,BAREILLY       ,PRG ,PRAYAG         
'14308',BE LKO ALD PASS,37,MEM ,MAU AIMMA      ,'04:09:00','04:11:00',435,BE  ,BAREILLY       ,PRG ,PRAYAG         
'14308',BE LKO ALD PASS,38,SWE ,SIWAITH        ,'04:31:00','04:33:00',449,BE  ,BAREILLY       ,PRG ,PRAYAG         
'14308',BE LKO ALD PASS,39,PFM ,PHAPHAMAU JN   ,'04:42:00','04:44:00',455,BE  ,BAREILLY       ,PRG ,PRAYAG         
'14308',BE LKO ALD PASS,40,PRG ,PRAYAG         ,'05:30:00','00:00:00',461,BE  ,BAREILLY       ,PRG ,PRAYAG         
'14313',BAREILLY EXP   ,1,LTT ,LOKMANYATILAK T,'00:00:00','08:05:00',0,LTT ,LOKMANYATILAK T,BE  ,BAREILLY       
'14313',BAREILLY EXP   ,2,KYN ,KALYAN JN      ,'08:37:00','08:40:00',38,LTT ,LOKMANYATILAK T,BE  ,BAREILLY       
'14313',BAREILLY EXP   ,3,IGP ,IGATPURI       ,'10:28:00','10:30:00',121,LTT ,LOKMANYATILAK T,BE  ,BAREILLY       
'14313',BAREILLY EXP   ,4,NK  ,NASIK ROAD     ,'11:28:00','11:30:00',172,LTT ,LOKMANYATILAK T,BE  ,BAREILLY       
'14313',BAREILLY EXP   ,5,MMR ,MANMAD JN      ,'12:15:00','12:20:00',245,LTT ,LOKMANYATILAK T,BE  ,BAREILLY       
'14313',BAREILLY EXP   ,6,JL  ,JALGAON JN     ,'14:03:00','14:05:00',405,LTT ,LOKMANYATILAK T,BE  ,BAREILLY       
'14313',BAREILLY EXP   ,7,BSL ,BHUSAVAL JN    ,'14:30:00','14:40:00',429,LTT ,LOKMANYATILAK T,BE  ,BAREILLY       
'14313',BAREILLY EXP   ,8,BAU ,BURHANPUR      ,'15:23:00','15:25:00',483,LTT ,LOKMANYATILAK T,BE  ,BAREILLY       
'14313',BAREILLY EXP   ,9,KNW ,KHANDWA        ,'17:25:00','17:30:00',552,LTT ,LOKMANYATILAK T,BE  ,BAREILLY       
'14313',BAREILLY EXP   ,10,HD  ,HARDA          ,'18:38:00','18:40:00',660,LTT ,LOKMANYATILAK T,BE  ,BAREILLY       
'14313',BAREILLY EXP   ,11,ET  ,ITARSI JN      ,'19:55:00','20:00:00',736,LTT ,LOKMANYATILAK T,BE  ,BAREILLY       
'14313',BAREILLY EXP   ,12,HBJ ,HABIBGANJ      ,'21:48:00','21:50:00',821,LTT ,LOKMANYATILAK T,BE  ,BAREILLY       
'14313',BAREILLY EXP   ,13,BPL ,BHOPAL  JN     ,'22:30:00','22:35:00',827,LTT ,LOKMANYATILAK T,BE  ,BAREILLY       
'14313',BAREILLY EXP   ,14,BINA,BINA JN        ,'01:00:00','01:05:00',966,LTT ,LOKMANYATILAK T,BE  ,BAREILLY       
'14313',BAREILLY EXP   ,15,JHS ,JHANSI JN      ,'03:45:00','03:55:00',1118,LTT ,LOKMANYATILAK T,BE  ,BAREILLY       
'14313',BAREILLY EXP   ,16,GWL ,GWALIOR        ,'05:05:00','05:10:00',1215,LTT ,LOKMANYATILAK T,BE  ,BAREILLY       
'14313',BAREILLY EXP   ,17,MRA ,MORENA         ,'05:35:00','05:37:00',1254,LTT ,LOKMANYATILAK T,BE  ,BAREILLY       
'14313',BAREILLY EXP   ,18,AGC ,AGRA CANTT     ,'07:40:00','07:45:00',1334,LTT ,LOKMANYATILAK T,BE  ,BAREILLY       
'14313',BAREILLY EXP   ,19,RKM ,RAJA KI MANDI  ,'07:52:00','07:54:00',1338,LTT ,LOKMANYATILAK T,BE  ,BAREILLY       
'14313',BAREILLY EXP   ,20,AGA ,AGRA CITY      ,'08:03:00','08:05:00',1339,LTT ,LOKMANYATILAK T,BE  ,BAREILLY       
'14313',BAREILLY EXP   ,21,TDL ,TUNDLA JN      ,'09:05:00','09:47:00',1362,LTT ,LOKMANYATILAK T,BE  ,BAREILLY       
'14313',BAREILLY EXP   ,22,ALJN,ALIGARH JN     ,'11:10:00','11:25:00',1440,LTT ,LOKMANYATILAK T,BE  ,BAREILLY       
'14313',BAREILLY EXP   ,23,BBA ,BABRALA        ,'12:38:00','12:40:00',1495,LTT ,LOKMANYATILAK T,BE  ,BAREILLY       
'14313',BAREILLY EXP   ,24,CH  ,CHANDAUSI JN   ,'13:40:00','13:45:00',1539,LTT ,LOKMANYATILAK T,BE  ,BAREILLY       
'14313',BAREILLY EXP   ,25,DUB ,DABTARA        ,'14:30:00','14:32:00',1563,LTT ,LOKMANYATILAK T,BE  ,BAREILLY       
'14313',BAREILLY EXP   ,26,AO  ,AONLA          ,'14:38:00','14:40:00',1581,LTT ,LOKMANYATILAK T,BE  ,BAREILLY       
'14313',BAREILLY EXP   ,27,BE  ,BAREILLY       ,'15:40:00','00:00:00',1608,LTT ,LOKMANYATILAK T,BE  ,BAREILLY       
'15043',LJN KGM EXP    ,1,LJN ,LUCKNOW NE     ,'00:00:00','08:05:00',0,LJN ,LUCKNOW NE     ,KGM ,KATHGODAM      
'15043',LJN KGM EXP    ,2,BE  ,BAREILLY       ,'11:40:00','11:47:00',236,LJN ,LUCKNOW NE     ,KGM ,KATHGODAM      
'15043',LJN KGM EXP    ,3,BC  ,BAREILLY CITY  ,'12:05:00','12:07:00',238,LJN ,LUCKNOW NE     ,KGM ,KATHGODAM      
'15043',LJN KGM EXP    ,4,IZN ,IZZATNAGAR     ,'12:29:00','12:31:00',243,LJN ,LUCKNOW NE     ,KGM ,KATHGODAM      
'15043',LJN KGM EXP    ,5,BPR ,BHOJIPURA JN   ,'12:44:00','12:46:00',255,LJN ,LUCKNOW NE     ,KGM ,KATHGODAM      
'15043',LJN KGM EXP    ,6,BHI ,BAHERI         ,'13:12:00','13:14:00',287,LJN ,LUCKNOW NE     ,KGM ,KATHGODAM      
'15043',LJN KGM EXP    ,7,KHH ,KICHHA         ,'13:29:00','13:31:00',302,LJN ,LUCKNOW NE     ,KGM ,KATHGODAM      
'15043',LJN KGM EXP    ,8,PBW ,PANTNAGAR      ,'13:41:00','13:43:00',314,LJN ,LUCKNOW NE     ,KGM ,KATHGODAM      
'15043',LJN KGM EXP    ,9,LKU ,LAL KUAN       ,'13:55:00','13:57:00',320,LJN ,LUCKNOW NE     ,KGM ,KATHGODAM      
'15043',LJN KGM EXP    ,10,HDW ,HALDWANI       ,'14:35:00','14:37:00',336,LJN ,LUCKNOW NE     ,KGM ,KATHGODAM      
'15043',LJN KGM EXP    ,11,KGM ,KATHGODAM      ,'14:55:00','00:00:00',342,LJN ,LUCKNOW NE     ,KGM ,KATHGODAM      
'15111',MUV  INTERCITY ,1,CPR ,CHHAPRA        ,'00:00:00','03:55:00',0,CPR ,CHHAPRA        ,MUV ,MANDUADIH      
'15111',MUV  INTERCITY ,2,SIP ,SURAIMANPUR    ,'04:23:00','04:25:00',29,CPR ,CHHAPRA        ,MUV ,MANDUADIH      
'15111',MUV  INTERCITY ,3,BUI ,BALLIA         ,'05:00:00','05:05:00',66,CPR ,CHHAPRA        ,MUV ,MANDUADIH      
'15111',MUV  INTERCITY ,4,PEP ,PHEPHNA JN     ,'05:20:00','05:22:00',76,CPR ,CHHAPRA        ,MUV ,MANDUADIH      
'15111',MUV  INTERCITY ,5,CHR ,CHILKAHAR      ,'05:31:00','05:33:00',87,CPR ,CHHAPRA        ,MUV ,MANDUADIH      
'15111',MUV  INTERCITY ,6,RSR ,RASRA          ,'05:43:00','05:45:00',98,CPR ,CHHAPRA        ,MUV ,MANDUADIH      
'15111',MUV  INTERCITY ,7,RTP ,RATANPURA      ,'06:06:00','06:08:00',112,CPR ,CHHAPRA        ,MUV ,MANDUADIH      
'15111',MUV  INTERCITY ,8,IAA ,INDARA JN      ,'06:27:00','06:29:00',127,CPR ,CHHAPRA        ,MUV ,MANDUADIH      
'15111',MUV  INTERCITY ,9,MAU ,MAU JN         ,'06:42:00','06:47:00',135,CPR ,CHHAPRA        ,MUV ,MANDUADIH      
'15111',MUV  INTERCITY ,10,DLR ,DULLAHAPUR     ,'07:06:00','07:08:00',155,CPR ,CHHAPRA        ,MUV ,MANDUADIH      
'15111',MUV  INTERCITY ,11,ARJ ,AUNRIHAR JN    ,'07:41:00','07:43:00',192,CPR ,CHHAPRA        ,MUV ,MANDUADIH      
'15111',MUV  INTERCITY ,12,BCY ,VARANASI CITY  ,'08:45:00','08:47:00',223,CPR ,CHHAPRA        ,MUV ,MANDUADIH      
'15111',MUV  INTERCITY ,13,BSB ,VARANASI JN    ,'09:05:00','09:10:00',227,CPR ,CHHAPRA        ,MUV ,MANDUADIH      
'15111',MUV  INTERCITY ,14,MUV ,MANDUADIH      ,'09:25:00','00:00:00',231,CPR ,CHHAPRA        ,MUV ,MANDUADIH      
'19269',PBR MOTIHARI EX,1,PBR ,PORBANDAR      ,'00:00:00','15:10:00',0,PBR ,PORBANDAR      ,MFP ,MUZAFFARPUR JN 
'19269',PBR MOTIHARI EX,2,BNVD,BHANVAD        ,'16:02:00','16:04:00',53,PBR ,PORBANDAR      ,MFP ,MUZAFFARPUR JN 
'19269',PBR MOTIHARI EX,3,JAM ,JAMNAGAR       ,'17:58:00','18:00:00',132,PBR ,PORBANDAR      ,MFP ,MUZAFFARPUR JN 
'19269',PBR MOTIHARI EX,4,RJT ,RAJKOT JN      ,'19:28:00','19:33:00',217,PBR ,PORBANDAR      ,MFP ,MUZAFFARPUR JN 
'19269',PBR MOTIHARI EX,5,WKR ,WANKANER JN    ,'20:09:00','20:11:00',259,PBR ,PORBANDAR      ,MFP ,MUZAFFARPUR JN 
'19269',PBR MOTIHARI EX,6,SUNR,SURENDRANAGAR  ,'21:28:00','21:30:00',333,PBR ,PORBANDAR      ,MFP ,MUZAFFARPUR JN 
'19269',PBR MOTIHARI EX,7,VG  ,VIRAMGAM JN    ,'23:03:00','23:06:00',398,PBR ,PORBANDAR      ,MFP ,MUZAFFARPUR JN 
'19269',PBR MOTIHARI EX,8,ADI ,AHMEDABAD JN   ,'00:20:00','00:50:00',464,PBR ,PORBANDAR      ,MFP ,MUZAFFARPUR JN 
'19269',PBR MOTIHARI EX,9,PNU ,PALANPUR JN    ,'04:13:00','04:15:00',597,PBR ,PORBANDAR      ,MFP ,MUZAFFARPUR JN 
'19269',PBR MOTIHARI EX,10,ABR ,ABU ROAD       ,'05:30:00','05:40:00',649,PBR ,PORBANDAR      ,MFP ,MUZAFFARPUR JN 
'19269',PBR MOTIHARI EX,11,MJ  ,MARWAR JN      ,'08:38:00','08:40:00',815,PBR ,PORBANDAR      ,MFP ,MUZAFFARPUR JN 
'19269',PBR MOTIHARI EX,12,AII ,AJMER JN       ,'10:55:00','11:05:00',954,PBR ,PORBANDAR      ,MFP ,MUZAFFARPUR JN 
'19269',PBR MOTIHARI EX,13,JP  ,JAIPUR         ,'13:10:00','13:20:00',1089,PBR ,PORBANDAR      ,MFP ,MUZAFFARPUR JN 
'19269',PBR MOTIHARI EX,14,BKI ,BANDIKUI JN    ,'14:30:00','14:32:00',1179,PBR ,PORBANDAR      ,MFP ,MUZAFFARPUR JN 
'19269',PBR MOTIHARI EX,15,AWR ,ALWAR          ,'15:40:00','15:43:00',1240,PBR ,PORBANDAR      ,MFP ,MUZAFFARPUR JN 
'19269',PBR MOTIHARI EX,16,RE  ,REWARI         ,'18:00:00','18:02:00',1314,PBR ,PORBANDAR      ,MFP ,MUZAFFARPUR JN 
'19269',PBR MOTIHARI EX,17,GGN ,GURGAON        ,'18:38:00','18:40:00',1365,PBR ,PORBANDAR      ,MFP ,MUZAFFARPUR JN 
'19269',PBR MOTIHARI EX,18,DEC ,DELHI CANTT    ,'18:58:00','19:00:00',1382,PBR ,PORBANDAR      ,MFP ,MUZAFFARPUR JN 
'19269',PBR MOTIHARI EX,19,DEE ,DELHI S ROHILLA,'19:33:00','19:35:00',1392,PBR ,PORBANDAR      ,MFP ,MUZAFFARPUR JN 
'19269',PBR MOTIHARI EX,20,DLI ,DELHI          ,'20:00:00','20:40:00',1396,PBR ,PORBANDAR      ,MFP ,MUZAFFARPUR JN 
'19269',PBR MOTIHARI EX,21,MB  ,MORADABAD      ,'23:50:00','23:58:00',1557,PBR ,PORBANDAR      ,MFP ,MUZAFFARPUR JN 
'19269',PBR MOTIHARI EX,22,BE  ,BAREILLY       ,'01:22:00','01:27:00',1648,PBR ,PORBANDAR      ,MFP ,MUZAFFARPUR JN 
'19269',PBR MOTIHARI EX,23,SPN ,SHAHJEHANPUR   ,'02:35:00','02:40:00',1718,PBR ,PORBANDAR      ,MFP ,MUZAFFARPUR JN 
'19269',PBR MOTIHARI EX,24,LKO ,LUCKNOW NR     ,'05:15:00','05:55:00',1883,PBR ,PORBANDAR      ,MFP ,MUZAFFARPUR JN 
'19269',PBR MOTIHARI EX,25,DAL ,DALIGANJ       ,'06:05:00','06:07:00',1890,PBR ,PORBANDAR      ,MFP ,MUZAFFARPUR JN 
'19269',PBR MOTIHARI EX,26,GD  ,GONDA JN       ,'08:00:00','08:05:00',2007,PBR ,PORBANDAR      ,MFP ,MUZAFFARPUR JN 
'19269',PBR MOTIHARI EX,27,GKP ,GORAKHPUR JN   ,'10:50:00','11:10:00',2161,PBR ,PORBANDAR      ,MFP ,MUZAFFARPUR JN 
'19269',PBR MOTIHARI EX,28,BUG ,BAGAHA         ,'14:09:00','14:11:00',2269,PBR ,PORBANDAR      ,MFP ,MUZAFFARPUR JN 
'19269',PBR MOTIHARI EX,29,NKE ,NARKATIAGANJ JN,'14:56:00','15:01:00',2311,PBR ,PORBANDAR      ,MFP ,MUZAFFARPUR JN 
'19269',PBR MOTIHARI EX,30,BTH ,BETTIAH        ,'15:35:00','15:37:00',2348,PBR ,PORBANDAR      ,MFP ,MUZAFFARPUR JN 
'19269',PBR MOTIHARI EX,31,SGL ,SAGAULI JN     ,'15:55:00','15:57:00',2370,PBR ,PORBANDAR      ,MFP ,MUZAFFARPUR JN 
'19269',PBR MOTIHARI EX,32,BMKI,BAPUDM MOTIHARI,'16:13:00','16:18:00',2391,PBR ,PORBANDAR      ,MFP ,MUZAFFARPUR JN 
'19269',PBR MOTIHARI EX,33,MFP ,MUZAFFARPUR JN ,'18:10:00','00:00:00',2470,PBR ,PORBANDAR      ,MFP ,MUZAFFARPUR JN 
'23010',DOON EXXPRESS  ,1,KTW ,KOTDWARA       ,'00:00:00','21:45:00',0,KTW ,KOTDWARA       ,HWH ,HOWRAH JN      
'23010',DOON EXXPRESS  ,2,SNX ,SANEH ROAD     ,'21:58:00','22:00:00',10,KTW ,KOTDWARA       ,HWH ,HOWRAH JN      
'23010',DOON EXXPRESS  ,3,NBD ,NAJIBABAD JN   ,'22:30:00','00:05:00',25,KTW ,KOTDWARA       ,HWH ,HOWRAH JN      
'23010',DOON EXXPRESS  ,4,NGG ,NAGINA         ,'00:23:00','00:25:00',47,KTW ,KOTDWARA       ,HWH ,HOWRAH JN      
'23010',DOON EXXPRESS  ,5,DPR ,DHAMPUR        ,'00:41:00','00:43:00',63,KTW ,KOTDWARA       ,HWH ,HOWRAH JN      
'23010',DOON EXXPRESS  ,6,SEO ,SEOHARA        ,'00:57:00','00:59:00',77,KTW ,KOTDWARA       ,HWH ,HOWRAH JN      
'23010',DOON EXXPRESS  ,7,MB  ,MORADABAD      ,'01:55:00','02:05:00',123,KTW ,KOTDWARA       ,HWH ,HOWRAH JN      
'23010',DOON EXXPRESS  ,8,RMU ,RAMPUR         ,'02:33:00','02:35:00',150,KTW ,KOTDWARA       ,HWH ,HOWRAH JN      
'23010',DOON EXXPRESS  ,9,BE  ,BAREILLY       ,'03:57:00','04:02:00',213,KTW ,KOTDWARA       ,HWH ,HOWRAH JN      
'23010',DOON EXXPRESS  ,10,PMR ,PITAMBARPUR    ,'04:19:00','04:21:00',233,KTW ,KOTDWARA       ,HWH ,HOWRAH JN      
'23010',DOON EXXPRESS  ,11,TLH ,TILHAR         ,'04:47:00','04:49:00',266,KTW ,KOTDWARA       ,HWH ,HOWRAH JN      
'23010',DOON EXXPRESS  ,12,SPN ,SHAHJEHANPUR   ,'05:17:00','05:20:00',284,KTW ,KOTDWARA       ,HWH ,HOWRAH JN      
'23010',DOON EXXPRESS  ,13,ROZA,ROZA JN        ,'05:28:00','05:30:00',291,KTW ,KOTDWARA       ,HWH ,HOWRAH JN      
'23010',DOON EXXPRESS  ,14,AJI ,ANJHI SHAHABAD ,'05:49:00','05:51:00',315,KTW ,KOTDWARA       ,HWH ,HOWRAH JN      
'23010',DOON EXXPRESS  ,15,HRI ,HARDOI         ,'06:16:00','06:18:00',347,KTW ,KOTDWARA       ,HWH ,HOWRAH JN      
'23010',DOON EXXPRESS  ,16,BLM ,BALAMU JN      ,'06:45:00','06:47:00',380,KTW ,KOTDWARA       ,HWH ,HOWRAH JN      
'23010',DOON EXXPRESS  ,17,SAN ,SANDILA        ,'07:05:00','07:07:00',400,KTW ,KOTDWARA       ,HWH ,HOWRAH JN      
'23010',DOON EXXPRESS  ,18,MLD ,MALIHABAD      ,'07:33:00','07:35:00',424,KTW ,KOTDWARA       ,HWH ,HOWRAH JN      
'23010',DOON EXXPRESS  ,19,LKO ,LUCKNOW NR     ,'08:35:00','08:45:00',448,KTW ,KOTDWARA       ,HWH ,HOWRAH JN      
'23010',DOON EXXPRESS  ,20,BBK ,BARABANKI JN   ,'09:20:00','09:22:00',477,KTW ,KOTDWARA       ,HWH ,HOWRAH JN      
'23010',DOON EXXPRESS  ,21,SGJ ,SAFDARGANJ     ,'09:40:00','09:42:00',495,KTW ,KOTDWARA       ,HWH ,HOWRAH JN      
'23010',DOON EXXPRESS  ,22,DYD ,DARYABAD       ,'09:57:00','09:59:00',515,KTW ,KOTDWARA       ,HWH ,HOWRAH JN      
'23010',DOON EXXPRESS  ,23,RDL ,RUDAULI        ,'10:17:00','10:19:00',538,KTW ,KOTDWARA       ,HWH ,HOWRAH JN      
'23010',DOON EXXPRESS  ,24,SLW ,SOHWAL         ,'10:38:00','10:40:00',561,KTW ,KOTDWARA       ,HWH ,HOWRAH JN      
'23010',DOON EXXPRESS  ,25,FD  ,FAIZABAD JN    ,'11:05:00','11:10:00',576,KTW ,KOTDWARA       ,HWH ,HOWRAH JN      
'23010',DOON EXXPRESS  ,26,ACND,A N DEV NAGAR  ,'11:19:00','11:21:00',579,KTW ,KOTDWARA       ,HWH ,HOWRAH JN      
'23010',DOON EXXPRESS  ,27,AY  ,AYODHYA        ,'11:30:00','11:32:00',583,KTW ,KOTDWARA       ,HWH ,HOWRAH JN      
'23010',DOON EXXPRESS  ,28,GGJ ,GOSHAINGANJ    ,'12:00:00','12:02:00',615,KTW ,KOTDWARA       ,HWH ,HOWRAH JN      
'23010',DOON EXXPRESS  ,29,ABP ,AKBARPUR       ,'12:22:00','12:26:00',637,KTW ,KOTDWARA       ,HWH ,HOWRAH JN      
'23010',DOON EXXPRESS  ,30,MLPR,MALIPUR        ,'12:42:00','12:44:00',656,KTW ,KOTDWARA       ,HWH ,HOWRAH JN      
'23010',DOON EXXPRESS  ,31,SHG ,SHAHGANJ JN    ,'13:15:00','13:20:00',681,KTW ,KOTDWARA       ,HWH ,HOWRAH JN      
'23010',DOON EXXPRESS  ,32,KS  ,KHETA SARAI    ,'13:31:00','13:33:00',692,KTW ,KOTDWARA       ,HWH ,HOWRAH JN      
'23010',DOON EXXPRESS  ,33,JNU ,JAUNPUR JN     ,'13:55:00','13:57:00',714,KTW ,KOTDWARA       ,HWH ,HOWRAH JN      
'23010',DOON EXXPRESS  ,34,ZBD ,ZAFARABAD JN   ,'14:08:00','14:10:00',721,KTW ,KOTDWARA       ,HWH ,HOWRAH JN      
'23010',DOON EXXPRESS  ,35,JLL ,JALALGANJ      ,'14:29:00','14:31:00',733,KTW ,KOTDWARA       ,HWH ,HOWRAH JN      
'23010',DOON EXXPRESS  ,36,KSF ,KHALISPUR      ,'14:50:00','14:52:00',744,KTW ,KOTDWARA       ,HWH ,HOWRAH JN      
'23010',DOON EXXPRESS  ,37,BTP ,BABATPUR       ,'15:06:00','15:08:00',753,KTW ,KOTDWARA       ,HWH ,HOWRAH JN      
'23010',DOON EXXPRESS  ,38,BSB ,VARANASI JN    ,'15:55:00','16:10:00',772,KTW ,KOTDWARA       ,HWH ,HOWRAH JN      
'23010',DOON EXXPRESS  ,39,KEI ,KASHI          ,'16:24:00','16:26:00',777,KTW ,KOTDWARA       ,HWH ,HOWRAH JN      
'23010',DOON EXXPRESS  ,40,MGS ,MUGHAL SARAI JN,'17:10:00','17:30:00',789,KTW ,KOTDWARA       ,HWH ,HOWRAH JN      
'23010',DOON EXXPRESS  ,41,CDMR,CHANDAULI MJHWR,'17:46:00','17:48:00',804,KTW ,KOTDWARA       ,HWH ,HOWRAH JN      
'23010',DOON EXXPRESS  ,42,SYJ ,SAIDRAJA       ,'17:55:00','17:57:00',812,KTW ,KOTDWARA       ,HWH ,HOWRAH JN      
'23010',DOON EXXPRESS  ,43,KMS ,KARAMNASA      ,'18:05:00','18:07:00',820,KTW ,KOTDWARA       ,HWH ,HOWRAH JN      
'23010',DOON EXXPRESS  ,44,DGO ,DURGAUTI       ,'18:19:00','18:21:00',832,KTW ,KOTDWARA       ,HWH ,HOWRAH JN      
'23010',DOON EXXPRESS  ,45,BBU ,BHABUA ROAD    ,'18:29:00','18:31:00',841,KTW ,KOTDWARA       ,HWH ,HOWRAH JN      
'23010',DOON EXXPRESS  ,46,KTQ ,KUDRA          ,'18:47:00','18:49:00',863,KTW ,KOTDWARA       ,HWH ,HOWRAH JN      
'23010',DOON EXXPRESS  ,47,SSM ,SASARAM        ,'19:08:00','19:10:00',889,KTW ,KOTDWARA       ,HWH ,HOWRAH JN      
'23010',DOON EXXPRESS  ,48,DOS ,DEHRI ON SONE  ,'19:28:00','19:30:00',906,KTW ,KOTDWARA       ,HWH ,HOWRAH JN      
'23010',DOON EXXPRESS  ,49,SEB ,SON NAGAR      ,'19:37:00','19:39:00',912,KTW ,KOTDWARA       ,HWH ,HOWRAH JN      
'23010',DOON EXXPRESS  ,50,AUBR,ANUGRAHA N ROAD,'19:48:00','19:50:00',923,KTW ,KOTDWARA       ,HWH ,HOWRAH JN      
'23010',DOON EXXPRESS  ,51,RFJ ,RAFIGANJ       ,'20:35:00','20:37:00',954,KTW ,KOTDWARA       ,HWH ,HOWRAH JN      
'23010',DOON EXXPRESS  ,52,GRRU,GURARU         ,'20:49:00','20:51:00',970,KTW ,KOTDWARA       ,HWH ,HOWRAH JN      
'23010',DOON EXXPRESS  ,53,GAYA,GAYA JN        ,'21:17:00','21:27:00',992,KTW ,KOTDWARA       ,HWH ,HOWRAH JN      
'23010',DOON EXXPRESS  ,54,TKN ,TANKUPPA       ,'21:58:00','22:00:00',1011,KTW ,KOTDWARA       ,HWH ,HOWRAH JN      
'23010',DOON EXXPRESS  ,55,PRP ,PAHARPUR       ,'22:11:00','22:13:00',1024,KTW ,KOTDWARA       ,HWH ,HOWRAH JN      
'23010',DOON EXXPRESS  ,56,KQR ,KODERMA        ,'22:51:00','22:53:00',1068,KTW ,KOTDWARA       ,HWH ,HOWRAH JN      
'23010',DOON EXXPRESS  ,57,PSB ,PARSABAD       ,'23:13:00','23:15:00',1094,KTW ,KOTDWARA       ,HWH ,HOWRAH JN      
'23010',DOON EXXPRESS  ,58,HZD ,HAZARIBAGH RD  ,'23:31:00','23:33:00',1116,KTW ,KOTDWARA       ,HWH ,HOWRAH JN      
'23010',DOON EXXPRESS  ,59,PNME,PARASNATH      ,'23:53:00','23:55:00',1143,KTW ,KOTDWARA       ,HWH ,HOWRAH JN      
'23010',DOON EXXPRESS  ,60,GMO ,NSC BOSE J GOMO,'00:18:00','00:28:00',1161,KTW ,KOTDWARA       ,HWH ,HOWRAH JN      
'23010',DOON EXXPRESS  ,61,DHN ,DHANBAD JN     ,'01:15:00','01:25:00',1190,KTW ,KOTDWARA       ,HWH ,HOWRAH JN      
'23010',DOON EXXPRESS  ,62,BRR ,BARAKAR        ,'01:59:00','02:01:00',1232,KTW ,KOTDWARA       ,HWH ,HOWRAH JN      
'23010',DOON EXXPRESS  ,63,ASN ,ASANSOL JN     ,'02:25:00','02:30:00',1249,KTW ,KOTDWARA       ,HWH ,HOWRAH JN      
'23010',DOON EXXPRESS  ,64,RNG ,RANIGANJ       ,'02:45:00','02:47:00',1267,KTW ,KOTDWARA       ,HWH ,HOWRAH JN      
'23010',DOON EXXPRESS  ,65,DGR ,DURGAPUR       ,'03:08:00','03:10:00',1291,KTW ,KOTDWARA       ,HWH ,HOWRAH JN      
'23010',DOON EXXPRESS  ,66,PAN ,PANAGARH       ,'03:21:00','03:23:00',1307,KTW ,KOTDWARA       ,HWH ,HOWRAH JN      
'23010',DOON EXXPRESS  ,67,BWN ,BARDDHAMAN JN  ,'04:22:00','04:27:00',1354,KTW ,KOTDWARA       ,HWH ,HOWRAH JN      
'23010',DOON EXXPRESS  ,68,BDC ,BANDEL JN      ,'05:40:00','05:45:00',1422,KTW ,KOTDWARA       ,HWH ,HOWRAH JN      
'23010',DOON EXXPRESS  ,69,CGR ,CHANDAN NAGAR  ,'05:52:00','05:54:00',1429,KTW ,KOTDWARA       ,HWH ,HOWRAH JN      
'23010',DOON EXXPRESS  ,70,SRP ,SERAMPORE      ,'06:07:00','06:09:00',1442,KTW ,KOTDWARA       ,HWH ,HOWRAH JN      
'23010',DOON EXXPRESS  ,71,HWH ,HOWRAH JN      ,'06:55:00','00:00:00',1461,KTW ,KOTDWARA       ,HWH ,HOWRAH JN      
'54253',PYG LKO PASS   ,1,PYG ,PRAYAG GHAT    ,'00:00:00','14:40:00',0,PYG ,PRAYAG GHAT    ,LKO ,LUCKNOW NR     
'54253',PYG LKO PASS   ,2,PRG ,PRAYAG         ,'14:53:00','14:55:00',3,PYG ,PRAYAG GHAT    ,LKO ,LUCKNOW NR     
'54253',PYG LKO PASS   ,3,PFM ,PHAPHAMAU JN   ,'15:15:00','15:17:00',9,PYG ,PRAYAG GHAT    ,LKO ,LUCKNOW NR     
'54253',PYG LKO PASS   ,4,SWE ,SIWAITH        ,'15:31:00','15:33:00',15,PYG ,PRAYAG GHAT    ,LKO ,LUCKNOW NR     
'54253',PYG LKO PASS   ,5,MEM ,MAU AIMMA      ,'15:57:00','15:59:00',29,PYG ,PRAYAG GHAT    ,LKO ,LUCKNOW NR     
'54253',PYG LKO PASS   ,6,DHRJ,DHIRGANJ       ,'16:11:00','16:13:00',35,PYG ,PRAYAG GHAT    ,LKO ,LUCKNOW NR     
'54253',PYG LKO PASS   ,7,BTJ ,BISHNATHGANJ   ,'16:25:00','16:27:00',41,PYG ,PRAYAG GHAT    ,LKO ,LUCKNOW NR     
'54253',PYG LKO PASS   ,8,VPO ,BHUPIA MAU     ,'16:42:00','16:44:00',50,PYG ,PRAYAG GHAT    ,LKO ,LUCKNOW NR     
'54253',PYG LKO PASS   ,9,PBH ,PARTAPGARH JN  ,'17:05:00','17:28:00',55,PYG ,PRAYAG GHAT    ,LKO ,LUCKNOW NR     
'54253',PYG LKO PASS   ,10,CIL ,CHILBILA JN    ,'17:36:00','17:38:00',59,PYG ,PRAYAG GHAT    ,LKO ,LUCKNOW NR     
'54253',PYG LKO PASS   ,11,JGJ ,JAGESHARGANJ   ,'17:47:00','17:49:00',68,PYG ,PRAYAG GHAT    ,LKO ,LUCKNOW NR     
'54253',PYG LKO PASS   ,12,ANTU,ANTU           ,'17:57:00','17:59:00',76,PYG ,PRAYAG GHAT    ,LKO ,LUCKNOW NR     
'54253',PYG LKO PASS   ,13,MFL ,MISRAULI       ,'18:10:00','18:12:00',84,PYG ,PRAYAG GHAT    ,LKO ,LUCKNOW NR     
'54253',PYG LKO PASS   ,14,AME ,AMETHI         ,'18:19:00','18:21:00',91,PYG ,PRAYAG GHAT    ,LKO ,LUCKNOW NR     
'54253',PYG LKO PASS   ,15,TLKH,TALAKHAJURI    ,'18:30:00','18:32:00',98,PYG ,PRAYAG GHAT    ,LKO ,LUCKNOW NR     
'54253',PYG LKO PASS   ,16,GNG ,GAURIGANJ      ,'18:39:00','18:41:00',104,PYG ,PRAYAG GHAT    ,LKO ,LUCKNOW NR     
'54253',PYG LKO PASS   ,17,BANI,BANI           ,'18:49:00','18:51:00',112,PYG ,PRAYAG GHAT    ,LKO ,LUCKNOW NR     
'54253',PYG LKO PASS   ,18,JAIS,JAIS           ,'19:04:00','19:06:00',122,PYG ,PRAYAG GHAT    ,LKO ,LUCKNOW NR     
'54253',PYG LKO PASS   ,19,FTG ,FURSATGANJ     ,'19:15:00','19:17:00',132,PYG ,PRAYAG GHAT    ,LKO ,LUCKNOW NR     
'54253',PYG LKO PASS   ,20,RUM ,RUPAMAU        ,'19:28:00','19:30:00',142,PYG ,PRAYAG GHAT    ,LKO ,LUCKNOW NR     
'54253',PYG LKO PASS   ,21,RBL ,RAE BARELI JN  ,'21:12:00','21:17:00',151,PYG ,PRAYAG GHAT    ,LKO ,LUCKNOW NR     
'54253',PYG LKO PASS   ,22,GANG,GANGAGANJ      ,'21:28:00','21:30:00',158,PYG ,PRAYAG GHAT    ,LKO ,LUCKNOW NR     
'54253',PYG LKO PASS   ,23,HCP ,HARCHANDPUR    ,'21:39:00','21:41:00',165,PYG ,PRAYAG GHAT    ,LKO ,LUCKNOW NR     
'54253',PYG LKO PASS   ,24,KVG ,KUNEANGANJ     ,'21:48:00','21:50:00',172,PYG ,PRAYAG GHAT    ,LKO ,LUCKNOW NR     
'54253',PYG LKO PASS   ,25,BCN ,BACHHRAWAN     ,'21:59:00','22:01:00',181,PYG ,PRAYAG GHAT    ,LKO ,LUCKNOW NR     
'54253',PYG LKO PASS   ,26,SAGR,SHRIRAJNAGAR   ,'22:07:00','22:09:00',187,PYG ,PRAYAG GHAT    ,LKO ,LUCKNOW NR     
'54253',PYG LKO PASS   ,27,NHN ,NIGOHAN        ,'22:16:00','22:18:00',193,PYG ,PRAYAG GHAT    ,LKO ,LUCKNOW NR     
'54253',PYG LKO PASS   ,28,KKAH,KANKAHA        ,'22:28:00','22:30:00',200,PYG ,PRAYAG GHAT    ,LKO ,LUCKNOW NR     
'54253',PYG LKO PASS   ,29,MLJ ,MOHANLALGANJ   ,'22:38:00','22:40:00',208,PYG ,PRAYAG GHAT    ,LKO ,LUCKNOW NR     
'54253',PYG LKO PASS   ,30,UTR ,UTRAHTIA       ,'23:18:00','23:20:00',216,PYG ,PRAYAG GHAT    ,LKO ,LUCKNOW NR     
'54253',PYG LKO PASS   ,31,LKO ,LUCKNOW NR     ,'23:50:00','00:00:00',228,PYG ,PRAYAG GHAT    ,LKO ,LUCKNOW NR     
